timestamp,query,title,url,snippet
2025-05-05 14:28:22,sustainable construction materials,7 green building products to explore in 2024,https://www.usgbc.org/articles/7-green-building-products-explore-2024,Low-carbon wood ... There are many reasons for the green building industry to look to lumber as an environmentally friendly building material.
2025-05-05 14:28:22,sustainable construction materials,10 sustainable building materials,https://ccemagazine.com/news/10-sustainable-building-materials/,10 sustainable building materials · 1. Bamboo · 2. Hempcrete · 3. Recycled Steel · 4. Reclaimed Wood · 5. Rammed Earth · 6. Cork · 7. Recycled ...
2025-05-05 14:28:22,sustainable construction materials,Top Sustainable Construction Materials to Build a Better ...,https://www.autodesk.com/blogs/construction/top-sustainable-construction-materials/,Top Sustainable Construction Materials to Build a Better Future · 1. Bendable Concrete · 2. Mass Timber · 3. Salvage Materials · 4. Bamboo · 5.
2025-05-05 14:28:22,sustainable construction materials,Sustainable Construction Materials: A Guide for ...,https://mrinetwork.com/hiring-talent-strategy/sustainable-construction-materials-a-guide-for-construction-managers/,Sustainable construction materials are any type of building materials that are made of renewable materials and are environmentally responsible ...
2025-05-05 14:28:22,sustainable construction materials,"Renovations, sustainable building materials can boost ...",https://www.eea.europa.eu/en/newsroom/news/renovations-sustainable-building-materials,Smart renovations that focus on efficient use of energy and resources can help Europe increase the sustainability of its housing sector.
2025-05-05 14:28:22,sustainable construction materials,20 Sustainable Building Materials for a Greener Future,https://www.bigrentz.com/blog/sustainable-construction?srsltid=AfmBOoqopZ5Pi-x-ToKYt5YcarvVcfJ4y-yUFGMeqrQ5jNYmB94qOrFs,Sustainable Building Materials · 1. Bamboo · 2. Recycled Plastic · 3. Laminated Timber · 4. Stone · 5. Cob · 6. Cork · 7. Adobe Brick · 8.
2025-05-05 14:28:22,sustainable construction materials,Emerging trends in sustainable building materials,https://www.sciencedirect.com/science/article/pii/S2590123024017729,"Bamboo distinguishes itself as an exceptionally sustainable building material, primarily due to its remarkable growth rate and high strength-to-weight ratio."
2025-05-05 14:28:22,sustainable construction materials,16 sustainable and cost-effective building materials,https://www.ucem.ac.uk/whats-happening/articles/sustainable-building-materials/,16 sustainable and cost-effective building materials · 1. Bamboo · 2. Mass timber · 3. Cob · 4. Recycled steel · 5. Recycled plastic · 6. Rammed ...
2025-05-05 14:28:22,sustainable construction materials,Sustainable Building Materials Hub,https://globalabc.org/sustainable-materials-hub/home,The Hub aims to help policymakers around the world tackle some of the most pressing sustainability and environmental issues facing the building materials and ...
2025-05-05 14:28:22,sustainable construction materials,16 sustainable and cost-effective building materials,https://www.ucem.ac.uk/whats-happening/articles/sustainable-building-materials/,16 sustainable and cost-effective building materials · 1. Bamboo · 2. Mass timber · 3. Cob · 4. Recycled steel · 5. Recycled plastic · 6. Rammed ...
2025-05-05 14:28:22,sustainable construction materials,The 10 Best Sustainable Building Materials,https://www.cemexventures.com/sustainable-building-materials/,These are the best sustainable materials for construction · 1. Bamboo · 2. Cork · 3. Hempcrete · 4. Mycelium · 5. Precast concrete · 6. Recycled ...
2025-05-05 14:28:22,sustainable construction materials,What are the best materials for sustainable construction ...,https://www.cleanenergywire.org/factsheets/what-are-best-materials-sustainable-construction-and-renovation,"""Good old materials like earth, straw or hemp can replace carbon-intensive materials for some sections of buildings. The key is to put each ..."
2025-05-05 14:28:22,sustainable construction materials,18 Eco-Friendly Building Materials That Help You Save ...,https://www.barbuliannodesign.com/post/eco-friendly-building-materials-list,18 Eco Friendly building materials that will help you save money and the Earth: 1. Cob 2. Recycled Steel 3. Sheep's Wool 4. Reclaimed Wood 5. Cork 6.
2025-05-05 14:28:22,sustainable construction materials,Top 15 Sustainable Green Building Materials,https://www.greenmatch.co.uk/blog/green-building-materials,Top Sustainable Materials Transforming Construction · 1. Bamboo: The Fast-Growing Marvel · 2. Cork: Renewable and Resilient · 3. Hempcrete: ...
2025-05-05 14:28:22,sustainable construction materials,SUSTAINABLE BUILDING MATERIALS,https://sdnafrica.org/wp-content/uploads/Chapter-3.pdf,"Materials that have great potential for building include adobe, sandbag construction, cob, thatch, brick, stone, hemp and the use of recycled materials. Other ..."
2025-05-05 14:28:22,sustainable construction materials,Sustainable building materials,https://www.activesustainability.com/construction-and-urban-development/sustainable-building-materials/,"These materials also have to be natural (soil, adobe, wood, cork, bamboo, straw, sawdust, etc.) and must not be spoilt by cold, heat or humidity."
2025-05-05 14:28:22,sustainable construction materials,2050 Materials - Sustainability Data for Building Materials,https://2050-materials.com/,"The easiest way to find and compare building materials. 2050 Materials transforms product data and sustainability into a single platform, enabling the ..."
2025-05-05 14:28:22,sustainable construction materials,A Guide to Green Building Materials,https://greenbuildingcanada.ca/green-building-guide/green-building-materials/,Any material that helps achieve the goal of improved sustainability by reducing the environmental impact of the building process would be considered green.
2025-05-05 14:28:22,sustainable construction materials,Top 15 Sustainable Building Materials for an Eco-Friendly ...,https://blog.enscape3d.com/top-sustainable-building-materials,Top 15 Sustainable Building Materials for an Eco-Friendly Future · 1. Bamboo · 2. Cross-laminated timber (CLT) · 3. Hempcrete · 4. Recycled ...
2025-05-05 14:28:22,sustainable construction materials,Top 10 Green Building Materials for Sustainable Construction,https://www.clarisdesignbuild.com/top-10-green-building-materials-for-sustainable-construction/,Top 10 Green Building Materials for Sustainable Construction · 1. Bamboo · 2. Recycled Steel · 3. Cork · 4. Reclaimed Wood · 5. Insulating ...
2025-05-05 14:28:22,sustainable construction materials,Choosing Sustainable Materials,https://www.calacademy.org/choosing-sustainable-materials,Choosing sustainable building materials was top priority when the Academy was rebuilt. Find out about the material selection and construction process.
2025-05-05 14:28:22,sustainable construction materials,The Methods and Benefits of Sustainable Construction,https://www.construction21.org/articles/h/the-methods-and-benefits-of-sustainable-construction.html,Sustainable construction involves using renewable and recyclable materials on building projects to reduce energy consumption and toxic waste.
2025-05-05 14:28:22,sustainable construction materials,The Top 50 Sustainable Materials for Modern Architecture ...,https://www.swatchbox.com/blog/The-Top-50-Sustainable-Materials-for-Modern-Architecture-and-Construction,1. Natural Raw Materials 2. Post-Consumer Recycled Materials 3. Natural Manufactured Materials 4. Concrete Type Materials 5. System-Based and Technology ...
2025-05-05 14:28:22,sustainable construction materials,A comprehensive study on eco-friendly alternatives for ...,https://journals.sagepub.com/doi/10.1177/26349833241255957,"This research looks into a variety of materials, including bamboo, engineered wood products, recycled composites, and optimal concrete mixtures."
2025-05-05 14:28:22,sustainable construction materials,Top 25 Sustainable Building Materials,https://www.boomandbucket.com/blog/sustainable-building-materials?srsltid=AfmBOoqWqXUx_B_lLlPmH8MaUUAQeMxSOLDGjiNMZfuAPdijccH27KIJ,Top 25 Sustainable Building Materials · Bamboo · Recycled Steel · Cork · Reclaimed Wood · Recycled Plastic · Straw Bales · Rammed Earth.
2025-05-05 14:28:22,sustainable construction materials,Sustainable Construction Materials,https://www.sciencedirect.com/book/9780081009857/sustainable-construction-materials,"This book, the fifth, and the last, of the series, deals with recycled aggregates arising from construction, demolition and excavation waste."
2025-05-05 14:28:22,sustainable construction materials,Eco-Friendly And Sustainable Building Materials,https://ecoliv.com.au/blog/sustainable-building-materials/,8 sustainable building materials we love · 1. Energy efficient insulation · 2. Permeable wrap · 3. Sustainable timber cladding · 4. Timber framing and trusses.
2025-05-05 14:28:22,sustainable construction materials,Journal of Sustainable Construction Materials and Technologies,https://jscmt.yildiz.edu.tr/,Volume: 10 Issue: 1 - March 2025 · 1. Full Text PDF · 2. Evaluating the use of eggshell powder and sawdust ash as cement replacements in sustainable concrete ...
2025-05-05 14:28:22,sustainable construction materials,Top Sustainable Construction Materials for Green Buildings,https://www.rib-software.com/en/blogs/sustainable-construction-materials,Top 15 Sustainable Building Materials · 1. Bamboo · 2. Recycled plastics · 3. Bendable concrete · 4. Mycelium · 5. Mass timber · 6. Precast ...
2025-05-05 14:28:23,sustainable construction materials,Journal of Sustainable Construction Materials and Technologies,https://jscmt.yildiz.edu.tr/,Volume: 10 Issue: 1 - March 2025 · 1. Full Text PDF · 2. Evaluating the use of eggshell powder and sawdust ash as cement replacements in sustainable concrete ...
2025-05-05 14:28:23,sustainable construction materials,Sustainable Construction Materials,https://www.sciencedirect.com/book/9780081009857/sustainable-construction-materials,"This book, the fifth, and the last, of the series, deals with recycled aggregates arising from construction, demolition and excavation waste."
2025-05-05 14:28:23,sustainable construction materials,The Importance of Sustainable Building Materials,https://www.hempitecture.com/post/the-importance-of-sustainable-building-materials/?srsltid=AfmBOop3nluuojA7h_MzL90RPHosBmuc-t0sr5xCD2oBlRWwlLhJvc9A,"Sustainable materials enhance thermal and acoustic comfort within buildings. Natural insulating materials, such as HempWool and AcoustiBatt provide superior ..."
2025-05-05 14:28:23,sustainable construction materials,15 Sustainable Construction Materials,https://www.truegridpaver.com/sustainable-construction-materials/?srsltid=AfmBOorTfECGD9McZD_H5rlsoFAlxa8kYkxrGkpj2okl7QSOqVEhKS7z,The Most Popular Sustainable Building Materials Used Today · 1. Recycled Plastic and Polymeric Timbers · 2. Reclaimed Wood · 3. Recycled Steel · 4. Plant-Based ...
2025-05-05 14:28:23,sustainable construction materials,Journal of Sustainable Construction Materials and ...,https://dergipark.org.tr/en/pub/jscmt,"It is a peer-reviewed free open-access journal, JSCMT publishes four issues per year (March, June, September, and December)."
2025-05-05 14:28:23,sustainable construction materials,25 Sustainable Building Materials in 2024,https://gbdmagazine.com/sustainable-building-materials/,25 Types of Sustainable Materials · 1. Mass Timber · 2. Terrazzo · 3. Structural Insulated Panels · 4. Recycled Rubber · 5. Stone · 6. Reclaimed ...
2025-05-05 14:28:23,sustainable construction materials,5 Sustainable Construction Materials,https://www.allplan.com/blog/5-sustainable-construction-materials/,5 Sustainable Construction Materials · Carbon-fiber Reinforced Concrete · Self-healing Concrete · Hemp Rebar · Ultra-strong Plastic · Ultra-thin ...
2025-05-05 14:28:23,sustainable construction materials,Best Sustainable Building Materials for Green Construction,https://www.rakenapp.com/blog/sustainable-construction-materials,8 sustainable building materials · Stone · Bamboo · Cork · Laminated timber · Reclaimed and recycled material · Alternative concrete · 3D printed ...
2025-05-05 14:28:23,sustainable construction materials,Choosing Sustainable Materials,https://www.calacademy.org/choosing-sustainable-materials,Choosing sustainable building materials was top priority when the Academy was rebuilt. Find out about the material selection and construction process.
2025-05-05 14:28:23,sustainable construction materials,Sustainable building materials in green commercial buildings,https://proptechos.com/esg/sustainable-building-materials/,"What Makes a Building Material Sustainable? ; Concrete, Bendable concrete, Precast concrete, 3D printed concrete, Ferrock, Rammed earth ; Steel ..."
2025-05-05 14:28:25,sustainable construction materials,Top 10 Sustainable Building Materials: Are They The ...,https://www.sustainablebusinesstoolkit.com/sustainable-building-materials/,"Sustainable materials have become one of the top choices in construction, from glass roofs to steel access panels."
2025-05-05 14:28:25,sustainable construction materials,20 Sustainable Building Materials for an Eco-Friendly Home,https://greencitizen.com/blog/sustainable-building-materials/,"This article delves into the world of sustainable building materials, offering insights and factual knowledge about 20 such options that are revolutionizing ..."
2025-05-05 14:28:25,sustainable construction materials,11 Sustainable Building Materials Revolutionizing the ...,https://www.gaiaguy.com/blogs/news/11-sustainable-building-materials-revolutionizing-the-construction-industry-for-a-greener-future?srsltid=AfmBOor2-bqX3u2s_Rnqbbq8WhzBKCM9krF-iH6yL9H737SsYX9mF-2S,"In this article, we explore eleven sustainable building materials that are revolutionizing the construction industry and how they contribute to a greener ..."
2025-05-05 14:28:25,sustainable construction materials,Top 10 Sustainable Building Materials to Preserve Nature,https://www.auromaarchitecture.com/post/10-sustainable-building-materials-to-protect-our-planet-and-preserve-nature,10 Green Building Materials That Help to Save the Earth and Nature · Bamboo · Recycled Steel · Cork · Recycled Plastic · Reclaimed Wood · Straw ...
2025-05-05 14:28:25,sustainable construction materials,Top 15 Sustainable Building Materials You Should Be ...,https://archiroots.com/15-most-sustainable-building-materials/,Sustainable building materials not only reduce energy consumption and greenhouse emissions directly but also ...
2025-05-05 14:28:25,sustainable construction materials,The Importance of Sustainable Building Materials,https://www.hempitecture.com/post/the-importance-of-sustainable-building-materials/?srsltid=AfmBOorJuTSMHIkU6pJ_ogK14XkiSpZ5wszE5RRhKWNMyFQesvxIv4Wi,"The importance of sustainable building materials cannot be overstated. They catalyze positive change in the construction industry, helping to address pressing ..."
2025-05-05 14:28:25,sustainable construction materials,Eco-Friendly Building Materials for Sustainable Construction,https://www.socialcircleace.com/eco-friendly-building-materials-sustainable-construction,1. Bamboo: A Renewable and Versatile Material · 2. Reclaimed Wood: A Sustainable Alternative to New Lumber · 3. Recycled Metal: A Durable and Low- ...
2025-05-05 14:28:25,sustainable construction materials,Top 21 Sustainable Construction Materials for Green ...,https://nyggs.com/blog/sustainable-construction-materials/,Sustainable building materials are an environmentally friendly alternative to conventional building materials such as concrete.
2025-05-05 14:28:25,sustainable construction materials,GREEN BUILDING MATERIALS….,https://www.coa.gov.in/show_img.php?fid=137,"materials. Constructed from dirt, gravel, clay, and lime, and often harvested locally, these homes offer a durable and well-insulated building. Page 3 ..."
2025-05-05 14:28:25,sustainable construction materials,sustainable construction: global trends decrypted by the ...,https://www.saint-gobain.com/sites/saint-gobain.com/files/media/document/2025%2004%2025_PR%203rd%20Sustainable%20Construction%20Barometer%202025.pdf,The energy efficiency of buildings (35%) and the use of ecofriendly materials (31%) remain the main criteria for defining the concept.
2025-05-05 14:28:28,eco friendly building materials,18 Eco-Friendly Building Materials That Help You Save ...,https://www.barbuliannodesign.com/post/eco-friendly-building-materials-list,18 Eco Friendly building materials that will help you save money and the Earth: 1. Cob 2. Recycled Steel 3. Sheep's Wool 4. Reclaimed Wood 5. Cork 6.
2025-05-05 14:28:28,eco friendly building materials,7 green building products to explore in 2024,https://www.usgbc.org/articles/7-green-building-products-explore-2024,Low-carbon wood ... There are many reasons for the green building industry to look to lumber as an environmentally friendly building material.
2025-05-05 14:28:28,eco friendly building materials,Green Building Supply,https://www.greenbuildingsupply.com/?srsltid=AfmBOorTPTi7RSprmxeaPWFsvOwdX47s-lnx_XgDoFl0eHMLOQz4m5lX,"Our green flooring is non-toxic, environmentally-friendly and made from sustainably harvested, recycled or reclaimed sources. We carry hardwoods, bamboo, cork, ..."
2025-05-05 14:28:28,eco friendly building materials,10 sustainable building materials,https://ccemagazine.com/news/10-sustainable-building-materials/,10 sustainable building materials · 1. Bamboo · 2. Hempcrete · 3. Recycled Steel · 4. Reclaimed Wood · 5. Rammed Earth · 6. Cork · 7. Recycled ...
2025-05-05 14:28:28,eco friendly building materials,Sustainable Building Materials : r/ClimateOffensive,https://www.reddit.com/r/ClimateOffensive/comments/ohs04c/sustainable_building_materials/,"Concrete and wire construction is far more environmentally friendly, and safer for your family, than any sort of polymer. Upvote 1. Downvote"
2025-05-05 14:28:28,eco friendly building materials,The 10 Best Sustainable Building Materials,https://www.cemexventures.com/sustainable-building-materials/,These are the best sustainable materials for construction · 1. Bamboo · 2. Cork · 3. Hempcrete · 4. Mycelium · 5. Precast concrete · 6. Recycled ...
2025-05-05 14:28:28,eco friendly building materials,"What are non-toxic building materials, and why are they ...",https://www.quora.com/What-are-non-toxic-building-materials-and-why-are-they-important-for-a-healthy-home,"Non-toxic building materials are sustainable, chemical-free products like clay, lime, bamboo, cork, and low-VOC paints or adhesives that ..."
2025-05-05 14:28:28,eco friendly building materials,15 Green building materials for an eco-conscious home,https://www.thezebra.com/resources/home/green-building-materials/,Green building materials · 1. Stone · 2. Cob · 3. Bamboo · 4. Cork · 5. Adobe brick · 6. Straw bale · 7. Cordwood · 8. Earthbags. Also ...
2025-05-05 14:28:28,eco friendly building materials,The Ultimate Guide to Sustainable Building Materials in 2024,https://trusscore.com/blog/the-ultimate-guide-to-sustainable-building-materials-in-2024.html,7 Eco-Friendly Building Materials to Use in 2024 · Bamboo · Mycelium Brick · Precast Concrete · Mass Timber · Wool Insulation · Structural Insulated ...
2025-05-05 14:28:33,eco friendly building materials,20 Sustainable Building Materials for a Greener Future,https://www.bigrentz.com/blog/sustainable-construction?srsltid=AfmBOop-a7nvmFRlG0LloJhKHoNBPgGKuoAxnCbyyxFWkSlSgxC9lUhV,Sustainable Building Materials · 1. Bamboo · 2. Recycled Plastic · 3. Laminated Timber · 4. Stone · 5. Cob · 6. Cork · 7. Adobe Brick · 8.
2025-05-05 14:28:33,eco friendly building materials,Green Building Materials: Innovations for Sustainable ...,https://www.youtube.com/watch?v=AQJFVJJLgf4,"Welcome to EcoInnovaTech! In this video, we explore the innovative world of green building materials that are revolutionizing the ..."
2025-05-05 14:28:33,eco friendly building materials,Top Sustainable Construction Materials to Build a Better ...,https://www.autodesk.com/blogs/construction/top-sustainable-construction-materials/,Top Sustainable Construction Materials to Build a Better Future · 1. Bendable Concrete · 2. Mass Timber · 3. Salvage Materials · 4. Bamboo · 5.
2025-05-05 14:28:33,eco friendly building materials,10 Eco Building Materials Revolutionizing Home ...,https://elemental.green/10-eco-building-materials-revolutionizing-home-construction/,"Bamboo is a sustainable alternative in many different applications, such as tiles, trim & flooring, lumber, countertops, decking. Wool Insulation. There are a ..."
2025-05-05 14:28:33,eco friendly building materials,How to build a sustainable house using natural building ...,https://www.youtube.com/watch?v=8jTmGRyy4Z4,How to build a sustainable house using natural building materials | Aanandaa Farms ... How to design-build an eco-friendly and low-cost urban mud ...
2025-05-05 14:28:33,eco friendly building materials,What Is Sustainable Architecture?,https://www.thespruce.com/what-is-sustainable-architecture-4846497,"Sustainable architecture incorporates the use of renewable, regenerative, and eco-friendly materials, such as bamboo, hemp, cork, flax, soy, ..."
2025-05-05 14:28:33,eco friendly building materials,What are the best materials for sustainable construction ...,https://www.cleanenergywire.org/factsheets/what-are-best-materials-sustainable-construction-and-renovation,"""Good old materials like earth, straw or hemp can replace carbon-intensive materials for some sections of buildings. The key is to put each ..."
2025-05-05 14:28:33,eco friendly building materials,Top 15 Sustainable Building Materials for an Eco-Friendly ...,https://blog.enscape3d.com/top-sustainable-building-materials,Top 15 Sustainable Building Materials for an Eco-Friendly Future · 1. Bamboo · 2. Cross-laminated timber (CLT) · 3. Hempcrete · 4. Recycled ...
2025-05-05 14:28:33,eco friendly building materials,A comprehensive study on eco-friendly alternatives for ...,https://journals.sagepub.com/doi/full/10.1177/26349833241255957,"Recycled aggregates are notable for their environmental advantages, while bamboo and engineered wood excel in mechanical characteristics. Rammed ..."
2025-05-05 14:28:33,eco friendly building materials,The Top 50 Sustainable Materials for Modern Architecture ...,https://www.swatchbox.com/blog/The-Top-50-Sustainable-Materials-for-Modern-Architecture-and-Construction,"Hydrogels are renewable, biodegradable, and abundant making them an eco-friendly building block. They are extremely versatile as they have ..."
2025-05-05 14:28:34,eco friendly building materials,14 Sustainable Building Materials Used by Eco-lodges,https://ecolodgesanywhere.com/sustainable-building-materials/,"Eco-friendly building materials come from all over, from natural materials like hay and bamboo to repurposed steel and glass."
2025-05-05 14:28:34,eco friendly building materials,Top 10 Sustainable Building Materials for Eco-Friendly ...,https://www.cedur.com/sustainable-building-materials-and-eco-friendly-products,"Eco-friendly options like cellulose, sheep wool, and cotton insulation offer sustainable and efficient alternatives to traditional materials. These natural ..."
2025-05-05 14:28:34,eco friendly building materials,A comprehensive study on eco-friendly alternatives for ...,https://journals.sagepub.com/doi/full/10.1177/26349833241255957,"Recycled aggregates are notable for their environmental advantages, while bamboo and engineered wood excel in mechanical characteristics. Rammed ..."
2025-05-05 14:28:34,eco friendly building materials,The Top 50 Sustainable Materials for Modern Architecture ...,https://www.swatchbox.com/blog/The-Top-50-Sustainable-Materials-for-Modern-Architecture-and-Construction,"Hydrogels are renewable, biodegradable, and abundant making them an eco-friendly building block. They are extremely versatile as they have ..."
2025-05-05 14:28:34,eco friendly building materials,Top 25 Sustainable Building Materials,https://www.boomandbucket.com/blog/sustainable-building-materials?srsltid=AfmBOopuwzIfCNuPEIT79pFlMf1QuX-xQv_KzPf3jcSjmc3wHgmrEftq,Top 25 Sustainable Building Materials · Bamboo · Recycled Steel · Cork · Reclaimed Wood · Recycled Plastic · Straw Bales · Rammed Earth.
2025-05-05 14:28:34,eco friendly building materials,15 Sustainable Construction Materials,https://www.truegridpaver.com/sustainable-construction-materials/?srsltid=AfmBOopwCmaSYJA6Z60So1OW8mhAND95U7ik4kEQAoNH-V4GdayUykgi,The Most Popular Sustainable Building Materials Used Today · 1. Recycled Plastic and Polymeric Timbers · 2. Reclaimed Wood · 3. Recycled Steel · 4. Plant-Based ...
2025-05-05 14:28:34,eco friendly building materials,Eco-Building Products: #1 Source for Green Building Products,https://eco-buildingproducts.com/?srsltid=AfmBOoqdIJk7ClF2MGvNkCbvPjbLCe9ufRjchrfFkl9IgSiOfC9702Q9,"Explore our wide range of eco-friendly building products. From daylighting systems to insulation and non-toxic finishes, find sustainable solutions for your ..."
2025-05-05 14:28:34,eco friendly building materials,Top 10 Green Building Materials for Sustainable Construction,https://www.clarisdesignbuild.com/top-10-green-building-materials-for-sustainable-construction/,Top 10 Green Building Materials for Sustainable Construction · 1. Bamboo · 2. Recycled Steel · 3. Cork · 4. Reclaimed Wood · 5. Insulating ...
2025-05-05 14:28:34,eco friendly building materials,"Building Materials - Non-Toxic, Long Lasting",https://www.greenbuildingsupply.com/All-Products/Building-Materials?srsltid=AfmBOoqf3Zx2mb8UpEToRz2XEnO9LCp5a5Ykv9LnTYQa4R1zoHVS4yOo,Our sheet goods are made of bamboo and recycled paper. They make a beautiful design statement and a truly sustainable choice.
2025-05-05 14:28:34,eco friendly building materials,20 Sustainable Building Materials for an Eco-Friendly Home,https://greencitizen.com/blog/sustainable-building-materials/,20 Sustainable Building Materials for an Eco-Friendly Home · 1. Bamboo · 2. Recycled Steel · 3. Reclaimed Wood · 4. Cork · 5. Straw Bales · 6.
2025-05-05 14:28:37,eco friendly building materials,16 Eco-Friendly Building Materials for the Future - Sustainable ...,https://www.youtube.com/watch?v=5GeMgTkYS5M,Eco-friendly building materials have a lower environmental impact compared to Conventional materials throughout their life cycle.
2025-05-05 14:28:37,eco friendly building materials,Green building,https://en.wikipedia.org/wiki/Green_building,"Green building (also known as green construction, sustainable building, or eco-friendly building) refers to both a structure and the application of processes"
2025-05-05 14:28:37,eco friendly building materials,Top 15 Sustainable Green Building Materials,https://www.greenmatch.co.uk/blog/green-building-materials,Top Sustainable Materials Transforming Construction · 1. Bamboo: The Fast-Growing Marvel · 2. Cork: Renewable and Resilient · 3. Hempcrete: ...
2025-05-05 14:28:37,eco friendly building materials,Editorial: Sustainable and eco-friendly building materials,https://www.frontiersin.org/journals/built-environment/articles/10.3389/fbuil.2023.1160556/full,"Various plant fibers, such as cellulose fiber, lignocellulose waste, sugar can bagasse, wheat and eucalyptus, coconut fiber or shell, waste tea ..."
2025-05-05 14:28:37,eco friendly building materials,20 Eco-friendly & sustainable building materials for ...,https://cicconstruction.com/blog/eco-friendly-sustainable-building-materials-for-greener-construction/,What Are Sustainable Building Materials? · 1. Bamboo · 2. Reclaimed or Recycled Steel · 3. Straw Bales · 4. Smart Glass Windows · 5. Mudbrick.
2025-05-05 14:28:37,eco friendly building materials,The Methods and Benefits of Sustainable Construction,https://www.construction21.org/articles/h/the-methods-and-benefits-of-sustainable-construction.html,Sustainable construction involves using renewable and recyclable materials on building projects to reduce energy consumption and toxic waste.
2025-05-05 14:28:37,eco friendly building materials,Sustainable Construction Materials: A Guide for ...,https://mrinetwork.com/hiring-talent-strategy/sustainable-construction-materials-a-guide-for-construction-managers/,Types of Eco-Friendly Construction Materials · Cork · Cob · Sheep's wool · AshCrete (made to replace concrete out of 97% recycled materials) ...
2025-05-05 14:28:37,eco friendly building materials,Types of Eco-Friendly Building Materials for Houses in 2024,https://www.constructelements.com/post/types-of-eco-friendly-building-materials-for-houses,Types of Sustainable Building Materials for Homes · Recycled Steel · Bamboo · Recycled Wood · Hempcrete · Cork · Rammed Earth · Straw Bales. A ...
2025-05-05 14:28:37,eco friendly building materials,Press: Benefits of green building,https://www.usgbc.org/press/benefits-of-green-building,"Green buildings are reducing carbon emissions, energy and waste; conserving water; prioritizing safer materials; and lowering our exposure to toxins."
2025-05-05 14:28:37,eco friendly building materials,15 Sustainable Building Materials for a Greener Future,https://www.novatr.com/blog/sustainable-building-materials,"Common sustainable materials include bamboo, reclaimed wood, recycled metal, and rammed earth. These materials are eco-friendly and often more ..."
2025-05-05 14:28:39,eco friendly building materials,16 Eco-Friendly Building Materials for the Future - Sustainable ...,https://www.youtube.com/watch?v=5GeMgTkYS5M,Eco-friendly building materials have a lower environmental impact compared to Conventional materials throughout their life cycle.
2025-05-05 14:28:39,eco friendly building materials,Eco-Friendly Building Materials,https://www.greencitytimes.com/eco-friendly-building-materials/,Creating a Sustainable Future With Eco-Friendly Materials · Eco Plumbing Systems for Net-Zero Homes · Eco-Friendly Materials for Urban Landscaping · 5 Ways ...
2025-05-05 14:28:39,eco friendly building materials,Editorial: Sustainable and eco-friendly building materials,https://www.frontiersin.org/journals/built-environment/articles/10.3389/fbuil.2023.1160556/full,This article is part of the Research Topic Sustainable and Eco-friendly Building Materials. View all 5 articles.
2025-05-05 14:28:39,eco friendly building materials,20 Eco-friendly & sustainable building materials for ...,https://cicconstruction.com/blog/eco-friendly-sustainable-building-materials-for-greener-construction/,Here's a list of 20 sustainable building materials you could consider for your next project. 1. Bamboo Bamboo is as strong as steel and concrete.
2025-05-05 14:28:39,eco friendly building materials,Affordable Green Building Materials: 19 Picks for Small ...,https://contractorforeman.com/19-affordable-green-building-materials-for-small-construction-projects/,Affordable Green Building Materials: 19 Picks for Small Projects · 1. Recycled Steel. Recycled steel is one of the most affordable materials for sustainable ...
2025-05-05 14:28:39,eco friendly building materials,Georgia Tech Researchers Pioneer Eco-Friendly Building ...,https://research.gatech.edu/georgia-tech-researchers-pioneer-eco-friendly-building-materials-earth-and-mars,"For centuries, innovations in structural materials have prioritized strength and durability — often at a steep environmental price."
2025-05-05 14:28:39,eco friendly building materials,Press: Benefits of green building,https://www.usgbc.org/press/benefits-of-green-building,Standard building practices use and waste millions of tons of materials each year; green building uses fewer resources and minimizes waste. LEED projects ...
2025-05-05 14:28:39,eco friendly building materials,Sustainable Construction Materials: A Guide for ...,https://mrinetwork.com/hiring-talent-strategy/sustainable-construction-materials-a-guide-for-construction-managers/,"Types of Eco-Friendly Construction Materials · Recycled steel: Less expensive and just as durable, recycled steel does not lose any of its ..."
2025-05-05 14:28:39,eco friendly building materials,Types of Eco-Friendly Building Materials for Houses in 2024,https://www.constructelements.com/post/types-of-eco-friendly-building-materials-for-houses,Types of Sustainable Building Materials for Homes · Recycled Steel · Bamboo · Recycled Wood · Hempcrete · Cork · Rammed Earth · Straw Bales. A ...
2025-05-05 14:28:39,eco friendly building materials,Sustainable Building Materials: Reduce Environmental ...,https://deslinc.com/blog/sustainable-building-materials,"Utilizing renewable construction materials has an impact on the environment, economy, socially and is financially beneficial in the long run."
2025-05-05 14:28:42,construction materials Thailand,Building Materials - Thaiwatsadu,https://www.thaiwatsadu.com/en/category/%E0%B8%A7%E0%B8%B1%E0%B8%AA%E0%B8%94%E0%B8%B8%E0%B8%81%E0%B9%88%E0%B8%AD%E0%B8%AA%E0%B8%A3%E0%B9%89%E0%B8%B2%E0%B8%87-53,"A source of construction materials and equipment, cement, bricks, stone, sand, roof tiles, concrete for all types of construction work. and complete ..."
2025-05-05 14:28:42,construction materials Thailand,Construction materials industry in Thailand - statistics & facts,https://www.statista.com/topics/11918/construction-materials-industry-in-thailand/,"Thailand's most common construction materials are structural materials, such as cement and steel, and ornamental materials, including ceramic ..."
2025-05-05 14:28:42,construction materials Thailand,Construction Materials in Thailand SCG Brands,https://www.onestockhome.com/th/en/home?srsltid=AfmBOoqIdI3drrtwxhWgUOVI4xcH7sx8lupWmE1CQPf1AHE5Myp_xtiE,"We offer wide ranges of SCG's roofing products and their accessories at the lowest price in Thailand. Prestive Chataeu Brick THB 27.75, Neustile Grey Granite"
2025-05-05 14:28:42,construction materials Thailand,Construction Materials Thailand | Resysta Building Products,https://resysta-asia.com/thailand-building-products/,Find high-quality building materials in Thailand with Resysta Asia. Our composite products provide the beauty of wood with enhanced durability and ...
2025-05-05 14:28:42,construction materials Thailand,One-Stop Construction Materials Supplier,https://scginternational.com/home-page/international-supply-chain-solutions/construction/,"As a one-stop construction material supplier, we offer a comprehensive product portfolio, from cement to steel, roofing solutions, and interior ..."
2025-05-05 14:28:42,construction materials Thailand,Industry Outlook 2024-2026: Construction Materials,https://www.krungsri.com/en/research/industry/industry-outlook/construction-construction-materials/construction-materials/io/2024,"Traders: As of 2023, Thailand was home to 7,303 distributors of construction materials1/, split between 280 large players, 1,172 mid-sized ..."
2025-05-05 14:28:42,construction materials Thailand,Building Materials Companies in Thailand,https://www.siambusinessguide.com/category/building-construction/building-material/,Building Materials Suppliers in Thailand. List of companies and distributors providing construction-related products and building materials in Thailand.
2025-05-05 14:28:42,construction materials Thailand,Construction and Building Materials in Thai Industry,https://www.thaiwebsites.com/constructionmaterials.asp,"Cement Producers and Concrete Products. Pre-stressed Concrete. Insulation Materials. Floors, Walls. Do-it-yourself Products. Home Renovations."
2025-05-05 14:28:42,construction materials Thailand,Best Construction Materials Manufacturer | ZMARTBUILD,https://www.zmartbuild.com/zmartbuild-home-page-2020-2-2/,"Introducing ZMARTBUILD, we are the leading Gypsum Board, Plaster Board, Fiber Cement Board, Thermal and Acoustic Insulation Manufacturer from Thailand."
2025-05-05 14:28:42,construction materials Thailand,Thailand Construction Materials Business,https://www.lhbank.co.th/getattachment/c254a2f3-e5c5-4569-a08a-822f070f67d3/economic-analysis-SME-Industry-Outlook-2024-Construction-Material-Cluster,"The main types of construction materials are divided into structural materials (including cement, construction steel), with a total sales value accounting for ..."
2025-05-05 14:28:48,construction materials Thailand,Top Construction Material Companies in Thailand by Liabilities,https://bullfincher.io/ranking/top-construction-material-companies-in-thailand-by-liabilities,"The top-ranking Construction Material company is TPI Polene, with liabilities of $2.83 billion, followed by Siam City Cement ($1.16 billion), Tipco Asphalt ($ ..."
2025-05-05 14:28:48,construction materials Thailand,Industry Outlook 2023-2025: Construction Materials,https://www.krungsri.com/en/research/industry/industry-outlook/construction-construction-materials/construction-materials/io/construction-materials-2023-2025,"Traders: As of 2022, Thailand was home to around 980 distributors of construction materials1/, split between 35 large players, 127 mid-sized ..."
2025-05-05 14:28:48,construction materials Thailand,Find Building Material and Supplies Dealers Companies in ...,https://www.dnb.com/business-directory/company-information.building_material_and_supplies_dealers.th.html,"Detailed info on Building Material and Supplies Dealers companies in Thailand, including financial statements, sales and marketing contacts, top competitors ..."
2025-05-05 14:28:48,construction materials Thailand,Construction and Building materials,https://www.nstda-tiis.or.th/en/system_software/%E0%B8%A7%E0%B8%B1%E0%B8%AA%E0%B8%94%E0%B8%B8%E0%B8%81%E0%B9%88%E0%B8%AD%E0%B8%AA%E0%B8%A3%E0%B9%89%E0%B8%B2%E0%B8%87%E0%B9%81%E0%B8%A5%E0%B8%B0%E0%B8%AD%E0%B8%B2%E0%B8%84%E0%B8%B2%E0%B8%A3/,"It was found that 70% of waste generated from construction and demolition were concrete, followed by brick, steel, ceramic, and tile. Figure 2: Composition of ..."
2025-05-05 14:28:48,construction materials Thailand,Top Construction Materials companies in Thailand by Total ...,https://stockviz.com/en/ranking-of-thailand-stocks-in-construction-materials-by-total-assets,"This ranking features the top 16 Construction Materials companies in Thailand ranked by Total Assets, totaling a Total Assets of USD 31.25 B, for February ..."
2025-05-05 14:28:48,construction materials Thailand,Thailand: Chiangmai Life Architects,https://knowledge-hub.circle-economy.com/article/22888,"Bamboo and clay earth are their primary building materials when creating spaces such as homes, offices, factory spaces, schools, eco-resorts, ..."
2025-05-05 14:28:48,construction materials Thailand,Where to buy building materials in Thailand?,https://www.youtube.com/watch?v=At-YURJ89KY,In this vlog I take a trip to 2 building materials/home supllies stores. First; http://www.megahome.co.th/ Second; ...
2025-05-05 14:28:48,construction materials Thailand,Top Wholesale building materials companies in Thailand,https://www.lusha.com/company-search/wholesale-building-materials/72c5dfaef1/thailand/25/,"Get access to Lusha's database of business leads from wholesale building materials companies in Thailand. Jain Granite Co., Ltd. Kaskal Co., Ltd."
2025-05-05 14:28:48,construction materials Thailand,Top Construction Material Companies in Thailand by Assets,https://bullfincher.io/ranking/top-construction-material-companies-in-thailand-by-assets,Top Construction Material Companies in Thailand by Assets ; 1. TPI Polene ; 2. Siam City Cement ; 3. Tipco Asphalt ; 4. General Engineering ; 5. Dcon Products ...
2025-05-05 14:28:48,construction materials Thailand,Hardware & Building Materials - Thailand | Market Forecast,https://www.statista.com/outlook/cmo/diy-hardware-store/hardware-building-materials/thailand,Thailand's hardware and building materials market is experiencing a surge in demand due to the country's rapid urbanization and infrastructure development. Key ...
2025-05-05 14:28:50,construction materials Thailand,Find Building Material and Supplies Dealers Companies in ...,https://www.dnb.com/business-directory/company-information.building_material_and_supplies_dealers.th.html,"Detailed info on Building Material and Supplies Dealers companies in Thailand, including financial statements, sales and marketing contacts, top competitors ..."
2025-05-05 14:28:50,construction materials Thailand,Top Construction Material Companies in Thailand by Assets,https://bullfincher.io/ranking/top-construction-material-companies-in-thailand-by-assets,Top Construction Material Companies in Thailand by Assets ; 1. TPI Polene ; 2. Siam City Cement ; 3. Tipco Asphalt ; 4. General Engineering ; 5. Dcon Products ...
2025-05-05 14:28:50,construction materials Thailand,What Construction Materials Keep The Houses Cool?,https://www.thaiwatsadu.com/en/articles/what-construction-materials-keep-the-houses-cool,"We just solve the problem directly by choosing heat-resistant construction materials such as roofs, ceilings, and heat insulation to suit your needs and ..."
2025-05-05 14:28:50,construction materials Thailand,Hardware & Building Materials - Thailand | Market Forecast,https://www.statista.com/outlook/cmo/diy-hardware-store/hardware-building-materials/thailand,Thailand's hardware and building materials market is experiencing a surge in demand due to the country's rapid urbanization and infrastructure development. Key ...
2025-05-05 14:28:50,construction materials Thailand,Construction Materials Category,https://connect.amchamthailand.com/list/category/construction-materials-12,"Construction Materials · OMP Company Limited. · GCP Applied Technologies Holdings (Thailand) Limited · Metro Co., Ltd. · HSMT New Material Technology (Thailand) Co."
2025-05-05 14:28:50,construction materials Thailand,Concern for Soaring Thailand Construction Costs,https://marketresearchthailand.com/insights/articles/concern-soaring-thailand-construction-costs,"With construction material costs up by 5-10%, wages rising 8-10%, and project delays affecting 65% of contractors, managing these costs requires ..."
2025-05-05 14:28:50,construction materials Thailand,"Top startups in Building Materials in Thailand (Apr, 2025)",https://tracxn.com/d/explore/building-materials-startups-in-thailand/__7xreF4U5CnNcGyVe50nJIoal9KcamHQ9dfnSfahqJV8/companies,"Building Materials Sector in Thailand has a total of 93 companies which include top companies like SCG, TOA and Siam City Cement."
2025-05-05 14:28:50,construction materials Thailand,Construction Materials: Industry Performance — Thailand,https://www.tradingview.com/markets/stocks-thailand/sectorandindustry-industry/construction-materials/,"The list below has Thai companies that operate under the same industry, construction materials. The list helps track their performance, income statement, ..."
2025-05-05 14:28:50,construction materials Thailand,The 37th Bangkok International Building and Construction,https://www.globenewswire.com/news-release/2025/05/02/3073384/0/en/The-37th-Bangkok-International-Building-and-Construction-Materials-Exhibition-2025-and-China-International-Building-Materials-Thailand-Brand-Exhibition.html,The 37th Bangkok International Building and Construction Materials Exhibition 2025 and China International Building Materials (Thailand) Brand ...
2025-05-05 14:28:50,construction materials Thailand,Latest Thailand Construction Materials Tenders,https://www.globaltenders.com/thailand/th-construction-materials-tenders,Global Tenders is the biggest and best website for Thailand Construction Materials tenders and government contracts. The contracts are uploaded from all public ...
2025-05-05 14:28:52,construction materials Thailand,"Trade Fairs in Thailand(Building, Construction)",https://www.jetro.go.jp/en/database/j-messe/country/asia/th/construction/,List of Upcoming Trade Fairs and Exhibitions · ASEAN Light + Design Expo 2025 · InfoComm Asia · Concrete Expo Asia 2025 - 2nd edition of Thailand ...
2025-05-05 14:28:52,construction materials Thailand,Construction Materials Buyers & Importers in Thailand,https://www.go4worldbusiness.com/buyers/thailand/construction-materials.html,"Find Verified Construction Materials Buyers, Importers and Buy Leads · Italian-thai Development Public Company Limited · Thai Leakless Corporation Limited."
2025-05-05 14:28:52,construction materials Thailand,Thailand construction materials market | Size & Share 2031,https://www.6wresearch.com/industry-report/thailand-construction-materials-market-2020-2026,Thailand Construction Materials Market has been growing at a considerable rate in the country owing to a high demand for residential properties.
2025-05-05 14:28:52,construction materials Thailand,Where to buy building materials in Thailand?,https://www.youtube.com/watch?v=At-YURJ89KY,In this vlog I take a trip to 2 building materials/home supllies stores. First; http://www.megahome.co.th/ Second; ...
2025-05-05 14:28:52,construction materials Thailand,The 37th Bangkok International Building and Construction ...,https://www.macaubusiness.com/the-37th-bangkok-international-building-and-construction-materials-exhibition-2025-and-china-international-building-materials-thailand-brand-exhibition/,The 37th Bangkok International Building and Construction Materials Exhibition 2025 and China International Building Materials (Thailand) Brand ...
2025-05-05 14:28:52,construction materials Thailand,Thailand Construction Materials Price Index (CMI): 2015=100,https://www.ceicdata.com/en/thailand/construction-price-index/construction-materials-price-index-cmi-2015100,Thailand Construction Materials Price Index (CMI): 2015=100 data was reported at 112.800 2015=100 in Mar 2025. This records an increase from the previous ...
2025-05-05 14:28:52,construction materials Thailand,Find Building Material and Supplies Dealers Companies in ...,https://www.dnb.com/business-directory/company-information.building_material_and_supplies_dealers.th.html,"Detailed info on Building Material and Supplies Dealers companies in Thailand, including financial statements, sales and marketing contacts, top competitors ..."
2025-05-05 14:28:52,construction materials Thailand,Concern for Soaring Thailand Construction Costs,https://marketresearchthailand.com/insights/articles/concern-soaring-thailand-construction-costs,"With construction material costs up by 5-10%, wages rising 8-10%, and project delays affecting 65% of contractors, managing these costs requires ..."
2025-05-05 14:28:52,construction materials Thailand,2024 Thailand Bangkok Building Materials Exhibition,https://www.perfectmoc.com/news/2024-thailand-bangkok-building-materials-exhib-71842113.html,The Thailand Building Materials and Interior Decoration Exhibition is the third-largest exhibition in Asia and has obtained UFI certification.
2025-05-05 14:28:52,construction materials Thailand,Thailand Green Building Materials Market (2025-2031),https://www.6wresearch.com/industry-report/thailand-green-building-materials-market-outlook,"The Thailand green building materials market is growing rapidly due to several driving factors. Firstly, there is a heightened awareness of environmental ..."
2025-05-05 14:28:54,construction materials Thailand,Thailand Imports: RM: Non-Agro: Construction Materials,https://www.ceicdata.com/en/thailand/imports-by-economic-classification/imports-rm-nonagro-construction-materials,"Thailand Imports: RM: Non-Agro: Construction Materials ... Thailand Imports: RM: Non-Agro: Construction Materials data was reported at 13,335.250 THB mn in Oct ..."
2025-05-05 14:28:54,construction materials Thailand,Thailand Building Materials Consulting,https://www.thailandmarketresearch.com/industry/building-materials,"Currently, Thailand's building materials industry is distinguished as one of the fastest-growing sectors in the nation. Its alignment with the Asia Pacific ..."
2025-05-05 14:28:54,construction materials Thailand,Thailand Market Construction Materials,https://sinogar.en.made-in-china.com/product/DSTnlchPOHpI/China-Thailand-Market-Construction-Materials.html,"Thailand Market Construction Materials, Find Details about Construction Materials, Aluminium Profiles from Thailand Market Construction Materials - Sinogar ..."
2025-05-05 14:28:54,construction materials Thailand,Construction Materials Buyers & Importers in Thailand,https://www.go4worldbusiness.com/buyers/thailand/construction-materials.html,"Find Verified Construction Materials Buyers, Importers and Buy Leads · Italian-thai Development Public Company Limited · Thai Leakless Corporation Limited."
2025-05-05 14:28:54,construction materials Thailand,Price List Building Material to Thailand - Quality & Durable,https://www.alibaba.com/showroom/price-list-building-material-to-thailand.html,Applications of Price List Building Material to Thailand. Residential Construction. Thailand's booming real estate market creates demand for building materials ...
2025-05-05 14:28:54,construction materials Thailand,Defining sustainable construction materials in Thailand,https://www.proquest.com/docview/304859475/abstract,"Green buildings: Defining sustainable construction materials in Thailand. Thovichit, Pimsiri. Iowa State University ProQuest Dissertations & Theses, 2007."
2025-05-05 14:28:54,construction materials Thailand,Thailand Green Building Materials Market (2025-2031),https://www.6wresearch.com/industry-report/thailand-green-building-materials-market-outlook,The Thailand Green Building Materials market is witnessing significant growth as environmental awareness and sustainability become increasingly important in ...
2025-05-05 14:28:54,construction materials Thailand,The Status of Existing Building Materials in Thailand to ...,https://iopscience.iop.org/article/10.1088/1755-1315/178/1/012033,"Therefore, the conclusion for future tolerant building material properties are that the U-value should be greater than 0.64 W/m2k, the R-Value should be greater ..."
2025-05-05 14:28:54,construction materials Thailand,List of Thai Green Label Products - Construction materials,https://greenlabel.tei.or.th/en/list-of-products-certified-with-construction-materials/,"Construction materials · ท่อพีวีซีแข็งสำหรับน้ำดื่ม · Unplasticized Polyvinyl Chloride Pipes for Drinking Water · รายชื่อบริษัท. 14, วัสดุก่อสร้างที่ทำจากไม้ · Wood based panel ..."
2025-05-05 14:28:55,green construction trends,How Green Building is Shaping the Future of Construction,https://www.nahb.org/blog/2024/11/how-green-building-is-shaping-the-future-of-construction,"96% of home builders and remodelers say they actively improve home-building performance using either energy, water and materials resource efficiency."
2025-05-05 14:28:55,green construction trends,Trends & Innovations,https://worldgbc.org/climate-action/trends-and-innovations/,The Advancing Net Zero programme aims to keep you updated with the latest trends and innovations from the sector.
2025-05-05 14:28:55,green construction trends,Green Building Trends and Sentiments,https://www.usgbc.org/resources/green-building-trends-and-sentiments,"Green building practices are more important than ever. Green buildings save money, improve efficiency, lower carbon emissions and create ..."
2025-05-05 14:28:55,green construction trends,"Green Building: Trends, Motivations, and Challenges",https://eyeonhousing.org/2024/04/green-building-trends-motivations-and-challenges/,The highest percent of remodelers (36%) and builders (38%) were those that found green building to be between 11-20% more costly. The next ...
2025-05-05 14:28:55,green construction trends,Top 7 Green Building Trends Shaping 2025 - Attune IoT,https://www.attuneiot.com/resources/green-building-innovations-top-trends-shaping-2025,7 Green Building Trends for 2025 · 1. Emerging Sustainable Materials · 2. Smart Building Technologies · 3. Net-Zero Energy Buildings (NZEB) · 4.
2025-05-05 14:28:55,green construction trends,3 Top Trends to Watch in Commercial Green Construction,https://www.acadiainsurance.com/3-top-trends-watch-commercial-green-construction/,3 Top Trends to Watch in Commercial Green Construction · 1) LEED Certification · 2) Human- and Eco-Friendly Building Materials · 3) Net-Zero Energy Buildings.
2025-05-05 14:28:55,green construction trends,Press: Benefits of green building,https://www.usgbc.org/press/benefits-of-green-building,"Green buildings are reducing carbon emissions, energy and waste; conserving water; prioritizing safer materials; and lowering our exposure to toxins."
2025-05-05 14:28:55,green construction trends,Exploring the Latest Trends in Green Building,https://vitruvisoftware.com/blog/green-building-trends,"Dive into the top green building trends, including sustainable materials and resilient designs. Learn how these innovations aid net-zero aims."
2025-05-05 14:28:55,green construction trends,Green Construction: Building a Sustainable Future,https://www.nahb.org/advocacy/industry-issues/sustainability-and-green-building/sustainability-and-green-building-overview,Impact of Green Construction on Sustainability · Conduct a free home energy assessment. · Use LED lights. · Weatherize the home. · Add insulation. · Improve windows.
2025-05-05 14:28:55,green construction trends,The 7 Most Popular Green Building Practices in 2024,https://greenbuildinginsider.com/387/the-7-most-popular-green-building-practices-in-2024,1. Net-Zero Buildings · 2. Climate Resiliency · 3. Green Star Certification · 4. LEED Certification · 5. Distributed Energy Systems · 6. EDGE ...
2025-05-05 14:28:57,green construction trends,The 7 Most Popular Green Building Practices in 2024,https://greenbuildinginsider.com/387/the-7-most-popular-green-building-practices-in-2024,1. Net-Zero Buildings · 2. Climate Resiliency · 3. Green Star Certification · 4. LEED Certification · 5. Distributed Energy Systems · 6. EDGE ...
2025-05-05 14:28:57,green construction trends,Green Construction Market size to worth USD 780.72 Billion,https://www.globenewswire.com/news-release/2025/04/08/3057570/0/en/Green-Construction-Market-size-to-worth-USD-780-72-Billion-by-2032-says-Coherent-Market-Insights.html,"The growth of the Green Construction Market is fuelled by increasing environmental concerns, stricter regulations on energy efficiency, and ..."
2025-05-05 14:28:57,green construction trends,World Green Building Council: Home,https://worldgbc.org/,"The World Green Building Council (WorldGBC) catalyses the uptake of sustainable and decarbonised built environments for everyone, everywhere."
2025-05-05 14:28:57,green construction trends,6 future-focused applications of green building technology,https://www.autodesk.com/design-make/articles/green-building-technology,"Compared to conventional buildings, green buildings have 14% lower impact on the environment and emit 18%–85% less greenhouse gas, according to ..."
2025-05-05 14:28:57,green construction trends,3 Top Trends to Watch in Commercial Green Construction,https://www.acadiainsurance.com/3-top-trends-watch-commercial-green-construction/,3 Top Trends to Watch in Commercial Green Construction · 1) LEED Certification · 2) Human- and Eco-Friendly Building Materials · 3) Net-Zero Energy Buildings.
2025-05-05 14:28:57,green construction trends,Which Green Building Trends Will Shape 2025?,https://www.commercialsearch.com/news/green-building-trends/,"Here are the trends that shaped green building development in 2024, and what experts anticipate for the upcoming year."
2025-05-05 14:28:57,green construction trends,5 Key Trends in the Future of Green Building | Built,https://blog.bluebeam.com/key-trends-in-future-green-building/,"These five key trends in green construction will move the industry forward. Access to financing, new regulations and growing concerns about climate change will ..."
2025-05-05 14:28:57,green construction trends,Top Green Building Trends for 2024,https://www.litedares.com/top-green-building-trends-for-2024/,Top Green Building Trends for 2024 · 1. Net Zero Energy Buildings (NZEB) · 2. Mass Timber Construction · 3. Biophilic Design · 4. Circular ...
2025-05-05 14:28:57,green construction trends,5 Top Trends Shaping Green Construction Practices in 2025,https://greenerideal.com/news/building/5-top-trends-shaping-green-construction-practices-in-2025/,"Low-carbon concrete, recycled steel and sustainably sourced wood are becoming staples, reducing carbon since no new material is produced while maintaining ..."
2025-05-05 14:28:57,green construction trends,Emerging Construction Technology Trends in Green Building,https://www.buildingradar.com/construction-blog/emerging-construction-technology-trends-in-green-building-sustainable-innovations,The Rise of Sustainable Innovations · 1. Cross-Laminated Timber (CLT) · 2. Energy-Efficient Building Systems · 3. Green Roofs and Walls · 4.
2025-05-05 14:29:00,green construction trends,Emerging Construction Technology Trends in Green Building,https://www.buildingradar.com/construction-blog/emerging-construction-technology-trends-in-green-building-sustainable-innovations,The Rise of Sustainable Innovations · 1. Cross-Laminated Timber (CLT) · 2. Energy-Efficient Building Systems · 3. Green Roofs and Walls · 4.
2025-05-05 14:29:00,green construction trends,Green Buildings Market Size To Hit USD 1374.23 Bn By 2034,https://www.precedenceresearch.com/green-buildings-market,"The trend in commercial green buildings emphasizes energy-efficient lighting, HVAC systems, green roofs, and sustainable construction materials."
2025-05-05 14:29:00,green construction trends,Building Green: Sustainable Construction in Emerging ...,https://www.ifc.org/en/insights-reports/2023/building-green-in-emerging-markets,"Heating, cooling, and powering buildings represents around half of the construction sector's 40 percent share of global emissions, IFC estimates ..."
2025-05-05 14:29:00,green construction trends,7 Green Building Trends In School Construction,https://www.ausonio.com/7-green-building-trends-in-school-construction/,7 Green Building Trends In School Construction · Energy-Efficient Designs · Renewable Energy Sources · Prioritize Air Quality · Using Sustainable Materials ...
2025-05-05 14:29:00,green construction trends,"Green Building Materials Market Size | Industry Report, 2030",https://www.grandviewresearch.com/industry-analysis/green-building-materials-market,The global green building materials market size was valued at USD 26.6 billion in 2024 and is anticipated to grow at a CAGR of 10.4% from 2025 to 2030.
2025-05-05 14:29:00,green construction trends,Customers' green focus is read loud and clear by construction ...,https://action.deloitte.com/insight/3224/customers-green-focus-is-read-loud-and-clear-by-construction-industry,A 2021 green building trends report showed strong commitments by companies to boost this segment of their businesses. Thirty-four percent of ...
2025-05-05 14:29:00,green construction trends,World Green Building Trends 2021,https://www.corporate.carrier.com/Images/Corporate-World-Green-Building-Trends-2021-1121_tcm558-149468.pdf,"Respondents across the globe plan to intensify their green building engagement, with a 14-point growth in the share of those who intend to do the majority (more ..."
2025-05-05 14:29:00,green construction trends,Sustainability Construction Market Expected to Grow at a ...,"https://www.environmentenergyleader.com/stories/sustainability-construction-market-expected-to-grow-at-a-891-cagr-by-2031,1115","The forecast period from 2024 to 2031 highlights emerging trends, emphasizing the imperative of embracing green building practices."
2025-05-05 14:29:00,green construction trends,"Green Construction Market Size, Trends & Forecast, 2025- ...",https://www.coherentmarketinsights.com/market-insight/green-construction-market-4539,"Green Construction Market size is estimated to be valued at US$ 375.80 Bn in 2025 and is expected to expand at a CAGR of 11.0%, reaching US$ 780.72 Bn by ..."
2025-05-05 14:29:00,green construction trends,What You Need to Know About The Top Green Building ...,https://www.ecomena.org/top-green-building-trends/,"Natural paints, recycled steel and cellular concrete are getting popularity in the construction of green buildings. Here are the top green ..."
2025-05-05 14:29:01,green construction trends,Sustainability Construction Market Expected to Grow at a ...,"https://www.environmentenergyleader.com/stories/sustainability-construction-market-expected-to-grow-at-a-891-cagr-by-2031,1115","The sustainable construction sector is projected to expand at a Compound Annual Growth Rate (CAGR) of 8.91%, according to the latest research by Insight Ace ..."
2025-05-05 14:29:01,green construction trends,"Green Construction Market Size, Trends & Forecast, 2025- ...",https://www.coherentmarketinsights.com/market-insight/green-construction-market-4539,"Green Construction Market size is estimated to be valued at US$ 375.80 Bn in 2025 and is expected to expand at a CAGR of 11.0%, reaching US$ 780.72 Bn by ..."
2025-05-05 14:29:01,green construction trends,Green Building: 10 Trends To Watch Out For In The Next Years,https://ugreen.io/green-building-10-trends-to-watch-out-for-in-the-next-years/,"Improving air quality: Green roofs and wall plants can absorb pollutants and produce oxygen, improving air quality in the surrounding area."
2025-05-05 14:29:01,green construction trends,Green Construction: A Growing Global Trend,https://construction.autodesk.com/resources/guides/green-construction-a-growing-global-trend/,Green building is no longer just a trend; it is a revolution that is here to stay. Construction firms that ignore this are at risk of getting left behind.
2025-05-05 14:29:01,green construction trends,Sustainability and Green Building Trends in Construction,https://www.columbiamontourchamber.com/2024/01/24/sustainability-and-green-building-trends-in-construction/,"As described above, the idea of sustainable and green building is not simply a trend, but a global movement towards a more sustainable future."
2025-05-05 14:29:01,green construction trends,"Green Building Market Size, Share | Industry Trends Report ...",https://www.grandviewresearch.com/industry-analysis/green-intelligent-buildings-market,The global market for green buildings is expected to witness steady growth owing to increasing environmental concerns and stringent government regulations. The ...
2025-05-05 14:29:01,green construction trends,"Green Construction Market Size, Trend, Demand Analysis ...",https://www.emergenresearch.com/industry-report/green-construction-market,The global green construction market size was USD 541.0 million in 2023 and is expected to register rapid revenue growth at a CAGR of 10.74% during the ...
2025-05-05 14:29:01,green construction trends,World Green Building Trends,https://sftool.gov/Content/attachments/World_Green_Building_Trends_SmartMarket_Report_2013.pdf,The World Green Building Trends. SmartMarket Report adds valuable data to the green building body of knowledge— data that can help drive decisions for a greener ...
2025-05-05 14:29:01,green construction trends,World Green Building Trends 2021,https://www.construction.com/resource/world-green-building-trends-2021/,"The World Green Building Trends 2021 SmartMarket Report reveals the influences driving green building, the business benefits of building ..."
2025-05-05 14:29:01,green construction trends,Construction Tech Trends: #3 Green and Innovative Materials,https://www.rhumbix.com/blog/construction-tech-trends-3-green-and-innovative-materials,"New manufacturing processes have created materials like paint, insulation, and carpeting that emit fewer volatile organic compounds (VOCs)."
2025-05-05 14:29:03,green construction trends,"Exploring Green Construction: See Benefits, Tips & Trends",https://www.rib-software.com/en/blogs/greener-construction-industry,Among the biggest green construction trends are digitalization and technology innovation. Artificial Intelligence (AI) is used to develop more ...
2025-05-05 14:29:03,green construction trends,Find out what's trending in 2025 for green home construction,https://www.ecohome.net/guides/3486/find-out-whats-trending-in-2025-for-green-home-construction/,Below is a list of green building trends for 2025 and product improvements that we are pretty excited about.
2025-05-05 14:29:03,green construction trends,6 Trends In Commercial Green Construction In 2020,https://pecgc.com/faq/commercial-green-construction-trends/,"Green construction uses specific design, building, or operational techniques to help reduce a building's impact on the environment. Some of the ..."
2025-05-05 14:29:03,green construction trends,Top 5 Green Trends in Construction,https://dozr.com/blog/top-5-green-trends-in-construction,"From construction equipment and project management processes to actual building materials and the planning and design of projects themselves, green practices ..."
2025-05-05 14:29:03,green construction trends,World Green Building Trends 2021,https://www.construction.com/resource/world-green-building-trends-2021/,"World Green Building Trends 2021 ... It also provides detailed findings by region across the Americas, Africa, the MENA region, Europe, Asia and ..."
2025-05-05 14:29:03,green construction trends,Sustainable Construction: Green Building Trends for 2022,https://www.nextecgroup.com/sustainable-construction-green-building-trends-for-2022/,"The three most environmentally friendly building materials are bamboo (versatile, durable, and regenerates quickly); recycled steel (necessary building ..."
2025-05-05 14:29:03,green construction trends,Green Construction: A Growing Global Trend,https://a.storyblok.com/f/64835/x/7ddfdf5224/emea-green-construction-v1.pdf,Green building is no longer just a trend; it is a revolution that is here to stay. Construction firms that ignore this are at risk of getting left behind.
2025-05-05 14:29:03,green construction trends,What You Need to Know About The Top Green Building ...,https://www.ecomena.org/top-green-building-trends/,"In this article, we will provide an overview of the top green building trends from across the world."
2025-05-05 14:29:03,green construction trends,Careers in Green Construction,https://www.bls.gov/green/construction/,Green buildings limit their environmental impact by conserving as much energy and water as possible and are constructed of recycled or renewable materials in ...
2025-05-05 14:29:03,green construction trends,Three green building trends that are propelling the ...,https://thefifthestate.com.au/columns/three-green-building-trends-that-are-propelling-the-construction-industry-into-the-future/,The Australian construction industry is increasingly transitioning towards adopting more sustainable construction methods and green building practices.
2025-05-05 14:34:59,sustainable construction materials,30+ Green Housing Materials Explained: The Ultimate Guide to Eco ...,https://ofhousesandtrees.com/green-housing-materials/,"A popular eco friendly building material in Australia, timbercrete is considered one of the most ""bush fire proof"" products available. (Image Credit: Timbercrete Warrandyte) Consider steel as a sustainable building material. As one of the most recyclable materials in the world, steel is often preferred to products that contain plastic."
2025-05-05 14:34:59,sustainable construction materials,10 Sustainable Building Materials for Eco-Friendly Construction,https://theconstructor.org/sustainability/10-sustainable-building-materials-for-eco-friendly-construction/569864/,"Learn about 10 natural and renewable materials that can create energy-efficient and environmentally friendly buildings. From bamboo and hempcrete to cork and straw bales, discover the benefits and uses of these sustainable building materials."
2025-05-05 14:34:59,sustainable construction materials,29 Sustainable Building Materials You Can Use Today,https://buildingrenewable.com/sustainable-building-materials/,"Learn about eco-friendly alternatives to conventional building materials, such as bamboo, straw bales, recycled plastic, and more. Find out how these materials can help you reduce your carbon footprint, save money, and create healthier buildings."
2025-05-05 14:34:59,sustainable construction materials,Top 10 Green Building Materials for Sustainable Construction,https://www.clarisdesignbuild.com/top-10-green-building-materials-for-sustainable-construction/,"Green building materials have become paramount with the growing awareness of environmental impacts. Here, we'll explore the top 10 green building materials making waves in sustainable construction, offering eco-friendly and efficient solutions for modern building projects. 1. Bamboo. Bamboo is a standout choice for sustainable construction."
2025-05-05 14:34:59,sustainable construction materials,20 Sustainable Building Materials for an Eco-Friendly Home,https://greencitizen.com/blog/sustainable-building-materials/,"Learn about 20 eco-friendly options for home construction, such as bamboo, recycled steel, cork, and straw bales. Discover their benefits, challenges, and applications in this comprehensive guide."
2025-05-05 14:34:59,sustainable construction materials,20 Sustainable Building Materials for a Greener Future,https://www.bigrentz.com/blog/sustainable-construction,"Learn about 20 eco-friendly and innovative materials that can reduce the environmental impact of construction projects. From bamboo and recycled plastic to mycelium and cork, discover the benefits and applications of each material."
2025-05-05 14:34:59,sustainable construction materials,50 Sustainable Construction Materials to Watch in 2025,https://www.revalu.io/journal/50-sustainable-construction-materials-to-watch-in-2025,"The Materials to Watch in 2025 collection highlights products from forward-thinking manufacturers that are redefining what is possible in construction and design. Straw Ekopanely CZ s.r.o.: Straw Construction Boards Ekopanely offers straw construction boards such as the E60/1200 and E40 , with GWPs of -47.600 and -33.900 kg CO₂ per square ..."
2025-05-05 14:34:59,sustainable construction materials,Sustainable Building Materials: A Complete Guide - UGREEN,https://ugreen.io/10-sustainable-building-materials/,"Sustainable Building Materials #10: Recycled Plastic. Recycled plastic can be used in various ways in sustainable construction, from creating durable building materials to insulating walls and roofs. It helps reduce waste and keeps plastic from landfills while offering a cost-effective and eco-friendly alternative to traditional materials."
2025-05-05 14:34:59,sustainable construction materials,Top Sustainable Building Materials for Eco-Friendly Construction,https://greenbuildingsolutions.org/top-sustainable-building-materials-for-eco-friendly-construction/,"This thoughtful repurposing of agricultural byproducts helps limit waste while ensuring robust materials for construction. Leveraging materials like Enviroboard contributes proactive steps toward more sustainable building practices. 14. Mycelium . Mycelium, the vegetative part of a fungus, has emerged as an innovative building material due to ..."
2025-05-05 14:34:59,sustainable construction materials,Top 15 Sustainable Building Materials for an Eco-Friendly Future,https://blog.enscape3d.com/top-sustainable-building-materials,"The future of sustainable building materials includes new approaches that leverage both biology and technology to create solutions that minimize environmental impact and maximize energy efficiency. From advancements in material science to the integration of cutting-edge software, the construction industry is embracing tools and innovations that ..."
2025-05-05 14:35:04,eco friendly building materials,20 Sustainable Building Materials for an Eco-Friendly Home,https://greencitizen.com/blog/sustainable-building-materials/,"Plant-based polyurethane rigid foam is an innovative, eco-friendly building material derived from renewable resources like bamboo, kelp, or hemp. Unlike traditional polyurethane made from petrochemicals, this plant-based alternative reduces reliance on fossil fuels and the associated carbon footprint. Its production involves less toxic ..."
2025-05-05 14:35:04,eco friendly building materials,30+ Green Housing Materials Explained: The Ultimate Guide to Eco ...,https://ofhousesandtrees.com/green-housing-materials/,"Learn about over 30 sustainable materials for building and renovating your home, from natural and traditional methods to innovative and recycled products. Discover the benefits, drawbacks and examples of each material, and how to use them for structure, insulation, roofing, siding, windows and more."
2025-05-05 14:35:04,eco friendly building materials,10 Sustainable Building Materials for Eco-Friendly Construction,https://theconstructor.org/sustainability/10-sustainable-building-materials-for-eco-friendly-construction/569864/,"Learn about 10 natural and renewable materials that can create energy-efficient and environmentally friendly buildings. From bamboo and hempcrete to cork and straw bales, discover the benefits and uses of these eco-friendly building materials."
2025-05-05 14:35:04,eco friendly building materials,29 Sustainable Building Materials You Can Use Today,https://buildingrenewable.com/sustainable-building-materials/,"Learn about eco-friendly alternatives to conventional building materials, such as bamboo, straw bales, recycled plastic, and more. Find out how these materials can help you reduce your carbon footprint, save money, and create a healthier environment."
2025-05-05 14:35:04,eco friendly building materials,18 Eco-Friendly Building Materials That Help You Save Energy And The Earth,https://www.barbuliannodesign.com/post/eco-friendly-building-materials-list,"Learn about 18 natural and recycled materials that can help you save energy and the earth in your construction projects. From cob to cork, discover the benefits and examples of each material and how to use them in your home."
2025-05-05 14:35:04,eco friendly building materials,15 Green building materials for an eco-conscious home,https://www.thezebra.com/resources/home/green-building-materials/,"Learn about natural and recycled materials that can create more eco-efficient homes, such as stone, cob, bamboo, cork and adobe. Find out how these materials can lower your energy bills and impact your home insurance policy."
2025-05-05 14:35:04,eco friendly building materials,Choosing Non-Toxic Building Materials: A Guide to Healthier Homes,https://greenbuildingsolutions.org/choosing-non-toxic-building-materials-a-guide-to-healthier-homes/,"In today's eco-conscious world, selecting the right building materials can make a significant difference in reducing harmful emissions and promoting healthier living spaces. This guide explores 18 of the most eco-friendly and non-toxic construction materials, from traditional mud structures like Cob to innovative options such as Mycelium and ..."
2025-05-05 14:35:04,eco friendly building materials,Top 15 Sustainable Building Materials for an Eco-Friendly Future,https://blog.enscape3d.com/top-sustainable-building-materials,"Building codes are also evolving to prioritize sustainability, setting minimum standards that require or encourage eco-friendly materials in new projects. Furthermore, educational initiatives aimed at architects, contractors, and the general public help familiarize stakeholders with sustainable options, showing that eco-friendly choices can be ..."
2025-05-05 14:35:04,eco friendly building materials,Top Sustainable Building Materials for Eco-Friendly Construction,https://greenbuildingsolutions.org/top-sustainable-building-materials-for-eco-friendly-construction/,"Read on for a comprehensive look at 18 eco-friendly materials that could transform the way we build and inhabit our spaces. The Most Eco-Friendly Construction Materials: 1. Cob . Cob is a natural building material comprised of subsoil, water, fibrous organic material (typically straw), and occasionally lime."
2025-05-05 14:35:04,eco friendly building materials,10 Leading Eco-Friendly Materials for Sustainable Construction,https://www.clarisdesignbuild.com/10-leading-eco-friendly-materials-for-sustainable-construction/,"Why Eco-Friendly Materials Matter When discussing the future of construction, sustainability is a key topic. The building sector is a major contributor to greenhouse gas emissions (GHG), with occupied buildings accounting for nearly 40% of global GHG emissions , as reported by Architecture2030."
2025-05-05 14:35:09,construction materials Thailand,Construction materials industry in Thailand - statistics & facts,https://www.statista.com/topics/11918/construction-materials-industry-in-thailand/,"Thai construction materials market Thai construction materials, namely steel, cement, and ceramics, are sought after due to their affordability and durability. Thailand's construction supplies ..."
2025-05-05 14:35:09,construction materials Thailand,Thai Watsadu | ไทวัสดุ ครบเรื่องบ้าน ถูกและดี,https://www.thaiwatsadu.com/en,"ไทวัสดุ ศูนย์รวมสินค้าบ้านและวัสดุก่อสร้างอันดับ 1 ของคนไทย เลือกซื้อวัสดุก่อสร้าง ของตกแต่งบ้านมากกว่า 50,000 รายการได้แล้ววันนี้"
2025-05-05 14:35:09,construction materials Thailand,Building Materials - Thaiwatsadu,https://www.thaiwatsadu.com/en/category/%E0%B8%A7%E0%B8%B1%E0%B8%AA%E0%B8%94%E0%B8%B8%E0%B8%81%E0%B9%88%E0%B8%AD%E0%B8%AA%E0%B8%A3%E0%B9%89%E0%B8%B2%E0%B8%87-53,"Thailand is extremely hot no matter what season. Choosing ""heat-proof construction materials"" such as ""roofs, ceilings, and heat insulation"" to suit your needs and weather conditions is considered to prevent heat buildup inside the home from the construction stage. Importantly, it helps with air circulation inside to be ready to deal with high ..."
2025-05-05 14:35:09,construction materials Thailand,Thailand Building Materials Consulting,https://www.thailandmarketresearch.com/industry/building-materials,"Currently, Thailand's building materials industry is distinguished as one of the fastest-growing sectors in the nation. Its alignment with the Asia Pacific construction market's expected 6% CAGR further highlights its significance in the regional landscape. The industry benefits from increasingly sophisticated manufacturing processes ..."
2025-05-05 14:35:09,construction materials Thailand,Construction industry in Thailand - statistics & facts,https://www.statista.com/topics/6998/construction-industry-in-thailand/,Market share of leading construction material traders in Thailand in 2023. Premium Statistic Number of construction workers Thailand 2015-2024 ...
2025-05-05 14:35:09,construction materials Thailand,Industry Outlook Construction Materials - Bank of Ayudhya,https://www.krungsri.com/en/research/industry/industry-outlook/Construction-Construction-Materials/Construction-Materials/IO/io-construction-materials-21,"Over the three years from 2021 to 2023, manufacturers and distributors of construction materials will see improving business conditions thanks to rising demand on both domestic and export markets. This outlook will be helped by two factors. (i) Overall expenditure on construction within Thailand is expected to grow by an annual average of 4.9-5.2%."
2025-05-05 14:35:09,construction materials Thailand,Construction Material - Vudhichai Group,https://www.vudhichai.co.th/en/construction/,"Erawan Enterprise. Another step of Vudhichai Group ever-growing business, and success, established in 1994, joined both Vudhichai Holding and Vudhichai Steel to import and sell construction material to Thailand leading contractors such as RIITTA and CH."
2025-05-05 14:35:09,construction materials Thailand,23 Top Thailand Building Material Companies and Startups,https://estateinnovation.com/23-top-thailand-building-material-companies-and-startups/,"This article showcases our top picks for the best Thailand based Building Material companies. These startups and companies are taking a variety of approaches to innovating the Building Material industry, but are all exceptional companies well worth a follow. We tried to pick companies across the size spectrum from cutting edge startups to established brands."
2025-05-05 14:35:09,construction materials Thailand,Construction and Building Materials in Thai Industry - ThaiWebsites.com,https://www.thaiwebsites.com/constructionmaterials.asp,"Lucky Building System is a business unit of Siam Steel International Public Co. Ltd. LBS is specialized in steel-structured prefabricated building systems, especially in the Modular building system. Exporting to several countries across the globe. Also bathroom Pod : factory-built, turn-key bathroom units, fully fitted and plumbed."
2025-05-05 14:35:09,construction materials Thailand,Thailand Building and Construction Materials,https://bangkok-companies.com/categories/thai_companies_p77.htm,"Thailand Building materials companies produce a full range of construction materials for the domestic construction industry use and for export. These products include: Construction Site Safety Equipment, Adhesives & Grouting Materials, Granite Paving Slabs, Steelwork & Girders, Bathroom Fittings, Aluminium Profiles, Door Fittings, Plumbing ..."
2025-05-05 14:35:14,green construction trends,Green Construction Trends That Are Emerging in 2025,https://greenbuildinginsider.com/950/major-green-construction-trends-that-are-emerging-this-year,"Sustainable construction is becoming more important than ever. Even in the face of the post-pandemic, the green building market remained resilient this year. According Acumen Research And Consulting Research green construction market size projected $774 Billion by 2030. It is important to follow green construction trends to understand the direction of the market."
2025-05-05 14:35:14,green construction trends,Green Building: 10 Trends To Watch Out For In The Next Years,https://ugreen.io/green-building-10-trends-to-watch-out-for-in-the-next-years/,"Green Building Trend #5: Green roofs and walls. Green roofs and walls are elements covered with plants and vegetation. They can provide several environmental, social, and economic benefits, such as: Regulating building temperatures: Green roofs and walls can help to insulate a building, keeping it more relaxed in the summer and warmer in the ..."
2025-05-05 14:35:14,green construction trends,Top 7 Green Building Trends Shaping 2025 - Attune,https://www.attuneiot.com/resources/green-building-innovations-top-trends-shaping-2025,7 Green Building Trends for 2025. Take advantage of the latest green building trends to reduce energy consumption and improve your environmental impact. 1. Emerging Sustainable Materials. Substituting traditional building materials with sustainable ones is an efficient way to make your construction projects greener.
2025-05-05 14:35:14,green construction trends,Top Green Building Trends of 2025 - indecca.com,https://www.indecca.com/articles/top-green-building-trends-of-2025,"Sustainable construction is evolving fast. Learn the top green building trends for 2025 and how your next project can be smarter, greener, and more efficient.. Green building trends. Energy costs are rising. Building codes are getting stricter. Tenants and investors are seeking eco-friendly spaces that are smarter, healthier, and more efficient."
2025-05-05 14:35:14,green construction trends,US Green Building Trends: What's New in 2024? - US Real Estate Insider,https://usrealestateinsider.com/green-building-trends/,"The Global Green Building Market is projected to reach $388.1 billion by 2024, with a compound annual growth rate of 11.9%. In the United States, the green building market is estimated to account for around 40% of all new nonresidential construction."
2025-05-05 14:35:14,green construction trends,"Green Building: Trends, Motivations, and Challenges - Eye on Housing",https://eyeonhousing.org/2024/04/green-building-trends-motivations-and-challenges/,NAHB and the Dodge Construction Network published research on the prevalence of green building in The Building Sustainably: Green & Resilient Single- Family Homes 2024 SmartMarket Brief. The research found that the overall share of home builders classifying more than half their projects as green* is at 34% for 2023 a one-percentage point increase from 2019.
2025-05-05 14:35:14,green construction trends,Sustainable Construction: The United States and Global Trends Decrypted ...,https://www.saint-gobain-northamerica.com/newsroom/pressrelease/sustainable-construction-united-states-and-global-trends-decrypted-3rd-edition-saint-gobain-barometer,"At the crossroads of demographic, social, energy, and climate challenges faced by societies, the construction sector must accelerate its transformation towards a more sustainable model. This involves designing a built environment that positively contributes to the health and well-being of individuals, is resilient to climate hazards, has low carbon emissions, and provides accessible housing ..."
2025-05-05 14:35:14,green construction trends,Emerging Construction Technology Trends in Green Building: Sustainable ...,https://www.buildingradar.com/construction-blog/emerging-construction-technology-trends-in-green-building-sustainable-innovations,"The construction industry is undergoing a transformative shift towards sustainability, driven by technological advancements and a growing commitment to environmental stewardship. As we progress through 2024, several emerging trends in green building technology are paving the way for more sustainable and efficient construction practices. This article explores these innovations and their impact ..."
2025-05-05 14:35:14,green construction trends,5 Key Trends in the Future of Green Building | Built,https://blog.bluebeam.com/key-trends-in-future-green-building/,"In the coming years, increased demand for sustainable buildings, along with ongoing innovations in green technology and materials, stronger regulations and more sustainable financing and investment will only accelerate today's interest. These five key trends in green construction will move the industry forward."
2025-05-05 14:35:14,green construction trends,"High-Performance Building — Key Trends in Energy, Electrification, and ...",https://iaeimagazine.org/columns/certification-insights/high-performance-building-key-trends-in-energy-electrification-and-wellness/,"These trends and the imperatives behind them are reflected in the U.S. Green Building Council's (USGBC) Leadership in Energy and Environmental Design (LEED) version 5 (LEED v5), the new version of the premier global sustainable building rating system anticipated for release this year. ... The trends shaping sustainable building practices ..."
